"Onderwerp";"Voertuigtype";"Perioden";"Eenheid";"Waarde"
"||Totaal";"Totaal bedrijfsvoertuigen";"2000";"aantal";"883627"
"||Totaal";"Totaal bedrijfsvoertuigen";"2001";"aantal";"950074"
"||Totaal";"Totaal bedrijfsvoertuigen";"2002";"aantal";"996931"
"||Totaal";"Totaal bedrijfsvoertuigen";"2003";"aantal";"1038548"
"||Totaal";"Totaal bedrijfsvoertuigen";"2004";"aantal";"1898932"
"||Totaal";"Totaal bedrijfsvoertuigen";"2005";"aantal";"1992670"
"||Totaal";"Totaal bedrijfsvoertuigen";"2006";"aantal";"2007699"
"||Totaal";"Totaal bedrijfsvoertuigen";"2007";"aantal";"2037704"
"||Totaal";"Totaal bedrijfsvoertuigen";"2008";"aantal";"2090469"
"||Totaal";"Totaal bedrijfsvoertuigen";"2009";"aantal";"2140281"
"||Totaal";"Totaal bedrijfsvoertuigen";"2010";"aantal";"2150951"
"||Totaal";"Totaal bedrijfsvoertuigen";"2011";"aantal";"2151150"
"||Totaal";"Totaal bedrijfsvoertuigen";"2012";"aantal";"2150483"
"||Totaal";"Totaal bedrijfsvoertuigen";"2013";"aantal";"2135589"
"||Totaal";"Totaal bedrijfsvoertuigen";"2014";"aantal";"2120393"
"||Totaal";"Totaal bedrijfsvoertuigen";"2015";"aantal";"2126236"
"||Totaal";"Totaal bedrijfsvoertuigen";"2016";"aantal";"2155173"
"||Totaal";"Totaal bedrijfsvoertuigen";"2017";"aantal";"2197250"
"||Totaal";"Totaal bedrijfsvoertuigen";"2018";"aantal";"2252134"
"||Totaal";"Totaal bedrijfsvoertuigen";"2019";"aantal";"2299373"
"||Totaal";"Bestelauto";"2000";"aantal";"696135"
"||Totaal";"Bestelauto";"2001";"aantal";"755776"
"||Totaal";"Bestelauto";"2002";"aantal";"797594"
"||Totaal";"Bestelauto";"2003";"aantal";"835710"
"||Totaal";"Bestelauto";"2004";"aantal";"866753"
"||Totaal";"Bestelauto";"2005";"aantal";"893455"
"||Totaal";"Bestelauto";"2006";"aantal";"862974"
"||Totaal";"Bestelauto";"2007";"aantal";"849348"
"||Totaal";"Bestelauto";"2008";"aantal";"862303"
"||Totaal";"Bestelauto";"2009";"aantal";"876170"
"||Totaal";"Bestelauto";"2010";"aantal";"872355"
"||Totaal";"Bestelauto";"2011";"aantal";"861250"
"||Totaal";"Bestelauto";"2012";"aantal";"849666"
"||Totaal";"Bestelauto";"2013";"aantal";"832121"
"||Totaal";"Bestelauto";"2014";"aantal";"815169"
"||Totaal";"Bestelauto";"2015";"aantal";"814954"
"||Totaal";"Bestelauto";"2016";"aantal";"828383"
"||Totaal";"Bestelauto";"2017";"aantal";"852632"
"||Totaal";"Bestelauto";"2018";"aantal";"883350"
"||Totaal";"Bestelauto";"2019";"aantal";"914766"
"||Totaal";"Vrachtauto (excl. trekker voor oplegger)";"2000";"aantal";"83153"
"||Totaal";"Vrachtauto (excl. trekker voor oplegger)";"2001";"aantal";"83418"
"||Totaal";"Vrachtauto (excl. trekker voor oplegger)";"2002";"aantal";"82706"
"||Totaal";"Vrachtauto (excl. trekker voor oplegger)";"2003";"aantal";"81668"
"||Totaal";"Vrachtauto (excl. trekker voor oplegger)";"2004";"aantal";"79444"
"||Totaal";"Vrachtauto (excl. trekker voor oplegger)";"2005";"aantal";"77619"
"||Totaal";"Vrachtauto (excl. trekker voor oplegger)";"2006";"aantal";"75924"
"||Totaal";"Vrachtauto (excl. trekker voor oplegger)";"2007";"aantal";"75841"
"||Totaal";"Vrachtauto (excl. trekker voor oplegger)";"2008";"aantal";"75313"
"||Totaal";"Vrachtauto (excl. trekker voor oplegger)";"2009";"aantal";"75112"
"||Totaal";"Vrachtauto (excl. trekker voor oplegger)";"2010";"aantal";"73368"
"||Totaal";"Vrachtauto (excl. trekker voor oplegger)";"2011";"aantal";"71386"
"||Totaal";"Vrachtauto (excl. trekker voor oplegger)";"2012";"aantal";"69545"
"||Totaal";"Vrachtauto (excl. trekker voor oplegger)";"2013";"aantal";"67096"
"||Totaal";"Vrachtauto (excl. trekker voor oplegger)";"2014";"aantal";"65046"
"||Totaal";"Vrachtauto (excl. trekker voor oplegger)";"2015";"aantal";"63356"
"||Totaal";"Vrachtauto (excl. trekker voor oplegger)";"2016";"aantal";"62436"
"||Totaal";"Vrachtauto (excl. trekker voor oplegger)";"2017";"aantal";"62155"
"||Totaal";"Vrachtauto (excl. trekker voor oplegger)";"2018";"aantal";"62581"
"||Totaal";"Vrachtauto (excl. trekker voor oplegger)";"2019";"aantal";"62963"
"||Totaal";"Trekker voor oplegger";"2000";"aantal";"56759"
"||Totaal";"Trekker voor oplegger";"2001";"aantal";"59804"
"||Totaal";"Trekker voor oplegger";"2002";"aantal";"62013"
"||Totaal";"Trekker voor oplegger";"2003";"aantal";"62889"
"||Totaal";"Trekker voor oplegger";"2004";"aantal";"63445"
"||Totaal";"Trekker voor oplegger";"2005";"aantal";"64519"
"||Totaal";"Trekker voor oplegger";"2006";"aantal";"65608"
"||Totaal";"Trekker voor oplegger";"2007";"aantal";"70544"
"||Totaal";"Trekker voor oplegger";"2008";"aantal";"72786"
"||Totaal";"Trekker voor oplegger";"2009";"aantal";"74624"
"||Totaal";"Trekker voor oplegger";"2010";"aantal";"71560"
"||Totaal";"Trekker voor oplegger";"2011";"aantal";"71329"
"||Totaal";"Trekker voor oplegger";"2012";"aantal";"71487"
"||Totaal";"Trekker voor oplegger";"2013";"aantal";"70422"
"||Totaal";"Trekker voor oplegger";"2014";"aantal";"71063"
"||Totaal";"Trekker voor oplegger";"2015";"aantal";"70533"
"||Totaal";"Trekker voor oplegger";"2016";"aantal";"72245"
"||Totaal";"Trekker voor oplegger";"2017";"aantal";"74218"
"||Totaal";"Trekker voor oplegger";"2018";"aantal";"77075"
"||Totaal";"Trekker voor oplegger";"2019";"aantal";"80078"
"||Totaal";"Speciaal voertuig";"2000";"aantal";"36374"
"||Totaal";"Speciaal voertuig";"2001";"aantal";"39707"
"||Totaal";"Speciaal voertuig";"2002";"aantal";"43292"
"||Totaal";"Speciaal voertuig";"2003";"aantal";"46899"
"||Totaal";"Speciaal voertuig";"2004";"aantal";"49228"
"||Totaal";"Speciaal voertuig";"2005";"aantal";"51451"
"||Totaal";"Speciaal voertuig";"2006";"aantal";"55104"
"||Totaal";"Speciaal voertuig";"2007";"aantal";"58268"
"||Totaal";"Speciaal voertuig";"2008";"aantal";"61030"
"||Totaal";"Speciaal voertuig";"2009";"aantal";"64194"
"||Totaal";"Speciaal voertuig";"2010";"aantal";"65294"
"||Totaal";"Speciaal voertuig";"2011";"aantal";"64751"
"||Totaal";"Speciaal voertuig";"2012";"aantal";"64115"
"||Totaal";"Speciaal voertuig";"2013";"aantal";"63312"
"||Totaal";"Speciaal voertuig";"2014";"aantal";"62414"
"||Totaal";"Speciaal voertuig";"2015";"aantal";"61145"
"||Totaal";"Speciaal voertuig";"2016";"aantal";"60344"
"||Totaal";"Speciaal voertuig";"2017";"aantal";"59940"
"||Totaal";"Speciaal voertuig";"2018";"aantal";"59371"
"||Totaal";"Speciaal voertuig";"2019";"aantal";"59106"
"||Totaal";"Bus";"2000";"aantal";"11206"
"||Totaal";"Bus";"2001";"aantal";"11369"
"||Totaal";"Bus";"2002";"aantal";"11326"
"||Totaal";"Bus";"2003";"aantal";"11382"
"||Totaal";"Bus";"2004";"aantal";"11344"
"||Totaal";"Bus";"2005";"aantal";"11231"
"||Totaal";"Bus";"2006";"aantal";"10995"
"||Totaal";"Bus";"2007";"aantal";"10845"
"||Totaal";"Bus";"2008";"aantal";"11091"
"||Totaal";"Bus";"2009";"aantal";"11332"
"||Totaal";"Bus";"2010";"aantal";"11634"
"||Totaal";"Bus";"2011";"aantal";"11277"
"||Totaal";"Bus";"2012";"aantal";"10986"
"||Totaal";"Bus";"2013";"aantal";"10464"
"||Totaal";"Bus";"2014";"aantal";"9922"
"||Totaal";"Bus";"2015";"aantal";"9597"
"||Totaal";"Bus";"2016";"aantal";"9411"
"||Totaal";"Bus";"2017";"aantal";"9822"
"||Totaal";"Bus";"2018";"aantal";"9914"
"||Totaal";"Bus";"2019";"aantal";"9717"
"||Totaal";"Aanhangwagen";"2000";"aantal";""
"||Totaal";"Aanhangwagen";"2001";"aantal";""
"||Totaal";"Aanhangwagen";"2002";"aantal";""
"||Totaal";"Aanhangwagen";"2003";"aantal";""
"||Totaal";"Aanhangwagen";"2004";"aantal";"721626"
"||Totaal";"Aanhangwagen";"2005";"aantal";"782035"
"||Totaal";"Aanhangwagen";"2006";"aantal";"820035"
"||Totaal";"Aanhangwagen";"2007";"aantal";"853482"
"||Totaal";"Aanhangwagen";"2008";"aantal";"881919"
"||Totaal";"Aanhangwagen";"2009";"aantal";"905955"
"||Totaal";"Aanhangwagen";"2010";"aantal";"924118"
"||Totaal";"Aanhangwagen";"2011";"aantal";"938857"
"||Totaal";"Aanhangwagen";"2012";"aantal";"952350"
"||Totaal";"Aanhangwagen";"2013";"aantal";"960631"
"||Totaal";"Aanhangwagen";"2014";"aantal";"964889"
"||Totaal";"Aanhangwagen";"2015";"aantal";"970962"
"||Totaal";"Aanhangwagen";"2016";"aantal";"979377"
"||Totaal";"Aanhangwagen";"2017";"aantal";"989453"
"||Totaal";"Aanhangwagen";"2018";"aantal";"1002771"
"||Totaal";"Aanhangwagen";"2019";"aantal";"1008731"
"||Totaal";"Oplegger";"2000";"aantal";""
"||Totaal";"Oplegger";"2001";"aantal";""
"||Totaal";"Oplegger";"2002";"aantal";""
"||Totaal";"Oplegger";"2003";"aantal";""
"||Totaal";"Oplegger";"2004";"aantal";"107092"
"||Totaal";"Oplegger";"2005";"aantal";"112360"
"||Totaal";"Oplegger";"2006";"aantal";"117059"
"||Totaal";"Oplegger";"2007";"aantal";"119376"
"||Totaal";"Oplegger";"2008";"aantal";"126027"
"||Totaal";"Oplegger";"2009";"aantal";"132894"
"||Totaal";"Oplegger";"2010";"aantal";"132622"
"||Totaal";"Oplegger";"2011";"aantal";"132300"
"||Totaal";"Oplegger";"2012";"aantal";"132334"
"||Totaal";"Oplegger";"2013";"aantal";"131543"
"||Totaal";"Oplegger";"2014";"aantal";"131890"
"||Totaal";"Oplegger";"2015";"aantal";"135689"
"||Totaal";"Oplegger";"2016";"aantal";"142977"
"||Totaal";"Oplegger";"2017";"aantal";"149030"
"||Totaal";"Oplegger";"2018";"aantal";"157072"
"||Totaal";"Oplegger";"2019";"aantal";"164012"
"Benzine";"Totaal bedrijfsvoertuigen";"2000";"aantal";"90068"
"Benzine";"Totaal bedrijfsvoertuigen";"2001";"aantal";"80745"
"Benzine";"Totaal bedrijfsvoertuigen";"2002";"aantal";"72730"
"Benzine";"Totaal bedrijfsvoertuigen";"2003";"aantal";"66491"
"Benzine";"Totaal bedrijfsvoertuigen";"2004";"aantal";"60481"
"Benzine";"Totaal bedrijfsvoertuigen";"2005";"aantal";"55074"
"Benzine";"Totaal bedrijfsvoertuigen";"2006";"aantal";"49727"
"Benzine";"Totaal bedrijfsvoertuigen";"2007";"aantal";"45180"
"Benzine";"Totaal bedrijfsvoertuigen";"2008";"aantal";"41650"
"Benzine";"Totaal bedrijfsvoertuigen";"2009";"aantal";"39151"
"Benzine";"Totaal bedrijfsvoertuigen";"2010";"aantal";"36786"
"Benzine";"Totaal bedrijfsvoertuigen";"2011";"aantal";"34586"
"Benzine";"Totaal bedrijfsvoertuigen";"2012";"aantal";"32763"
"Benzine";"Totaal bedrijfsvoertuigen";"2013";"aantal";"30864"
"Benzine";"Totaal bedrijfsvoertuigen";"2014";"aantal";"29493"
"Benzine";"Totaal bedrijfsvoertuigen";"2015";"aantal";"29080"
"Benzine";"Totaal bedrijfsvoertuigen";"2016";"aantal";"29107"
"Benzine";"Totaal bedrijfsvoertuigen";"2017";"aantal";"29704"
"Benzine";"Totaal bedrijfsvoertuigen";"2018";"aantal";"30528"
"Benzine";"Totaal bedrijfsvoertuigen";"2019";"aantal";"31585"
"Benzine";"Bestelauto";"2000";"aantal";"84930"
"Benzine";"Bestelauto";"2001";"aantal";"75877"
"Benzine";"Bestelauto";"2002";"aantal";"67923"
"Benzine";"Bestelauto";"2003";"aantal";"61677"
"Benzine";"Bestelauto";"2004";"aantal";"55795"
"Benzine";"Bestelauto";"2005";"aantal";"50474"
"Benzine";"Bestelauto";"2006";"aantal";"45197"
"Benzine";"Bestelauto";"2007";"aantal";"40791"
"Benzine";"Bestelauto";"2008";"aantal";"37369"
"Benzine";"Bestelauto";"2009";"aantal";"34871"
"Benzine";"Bestelauto";"2010";"aantal";"32519"
"Benzine";"Bestelauto";"2011";"aantal";"30418"
"Benzine";"Bestelauto";"2012";"aantal";"28739"
"Benzine";"Bestelauto";"2013";"aantal";"26958"
"Benzine";"Bestelauto";"2014";"aantal";"25686"
"Benzine";"Bestelauto";"2015";"aantal";"25372"
"Benzine";"Bestelauto";"2016";"aantal";"25463"
"Benzine";"Bestelauto";"2017";"aantal";"26134"
"Benzine";"Bestelauto";"2018";"aantal";"27015"
"Benzine";"Bestelauto";"2019";"aantal";"28087"
"Benzine";"Vrachtauto (excl. trekker voor oplegger)";"2000";"aantal";"970"
"Benzine";"Vrachtauto (excl. trekker voor oplegger)";"2001";"aantal";"945"
"Benzine";"Vrachtauto (excl. trekker voor oplegger)";"2002";"aantal";"984"
"Benzine";"Vrachtauto (excl. trekker voor oplegger)";"2003";"aantal";"1024"
"Benzine";"Vrachtauto (excl. trekker voor oplegger)";"2004";"aantal";"1012"
"Benzine";"Vrachtauto (excl. trekker voor oplegger)";"2005";"aantal";"1007"
"Benzine";"Vrachtauto (excl. trekker voor oplegger)";"2006";"aantal";"990"
"Benzine";"Vrachtauto (excl. trekker voor oplegger)";"2007";"aantal";"930"
"Benzine";"Vrachtauto (excl. trekker voor oplegger)";"2008";"aantal";"906"
"Benzine";"Vrachtauto (excl. trekker voor oplegger)";"2009";"aantal";"909"
"Benzine";"Vrachtauto (excl. trekker voor oplegger)";"2010";"aantal";"925"
"Benzine";"Vrachtauto (excl. trekker voor oplegger)";"2011";"aantal";"929"
"Benzine";"Vrachtauto (excl. trekker voor oplegger)";"2012";"aantal";"908"
"Benzine";"Vrachtauto (excl. trekker voor oplegger)";"2013";"aantal";"908"
"Benzine";"Vrachtauto (excl. trekker voor oplegger)";"2014";"aantal";"890"
"Benzine";"Vrachtauto (excl. trekker voor oplegger)";"2015";"aantal";"891"
"Benzine";"Vrachtauto (excl. trekker voor oplegger)";"2016";"aantal";"889"
"Benzine";"Vrachtauto (excl. trekker voor oplegger)";"2017";"aantal";"870"
"Benzine";"Vrachtauto (excl. trekker voor oplegger)";"2018";"aantal";"871"
"Benzine";"Vrachtauto (excl. trekker voor oplegger)";"2019";"aantal";"859"
"Benzine";"Trekker voor oplegger";"2000";"aantal";"17"
"Benzine";"Trekker voor oplegger";"2001";"aantal";"26"
"Benzine";"Trekker voor oplegger";"2002";"aantal";"24"
"Benzine";"Trekker voor oplegger";"2003";"aantal";"19"
"Benzine";"Trekker voor oplegger";"2004";"aantal";"22"
"Benzine";"Trekker voor oplegger";"2005";"aantal";"29"
"Benzine";"Trekker voor oplegger";"2006";"aantal";"29"
"Benzine";"Trekker voor oplegger";"2007";"aantal";"28"
"Benzine";"Trekker voor oplegger";"2008";"aantal";"24"
"Benzine";"Trekker voor oplegger";"2009";"aantal";"25"
"Benzine";"Trekker voor oplegger";"2010";"aantal";"27"
"Benzine";"Trekker voor oplegger";"2011";"aantal";"28"
"Benzine";"Trekker voor oplegger";"2012";"aantal";"25"
"Benzine";"Trekker voor oplegger";"2013";"aantal";"26"
"Benzine";"Trekker voor oplegger";"2014";"aantal";"23"
"Benzine";"Trekker voor oplegger";"2015";"aantal";"27"
"Benzine";"Trekker voor oplegger";"2016";"aantal";"27"
"Benzine";"Trekker voor oplegger";"2017";"aantal";"28"
"Benzine";"Trekker voor oplegger";"2018";"aantal";"29"
"Benzine";"Trekker voor oplegger";"2019";"aantal";"35"
"Benzine";"Speciaal voertuig";"2000";"aantal";"4136"
"Benzine";"Speciaal voertuig";"2001";"aantal";"3883"
"Benzine";"Speciaal voertuig";"2002";"aantal";"3781"
"Benzine";"Speciaal voertuig";"2003";"aantal";"3749"
"Benzine";"Speciaal voertuig";"2004";"aantal";"3626"
"Benzine";"Speciaal voertuig";"2005";"aantal";"3539"
"Benzine";"Speciaal voertuig";"2006";"aantal";"3484"
"Benzine";"Speciaal voertuig";"2007";"aantal";"3403"
"Benzine";"Speciaal voertuig";"2008";"aantal";"3321"
"Benzine";"Speciaal voertuig";"2009";"aantal";"3316"
"Benzine";"Speciaal voertuig";"2010";"aantal";"3284"
"Benzine";"Speciaal voertuig";"2011";"aantal";"3177"
"Benzine";"Speciaal voertuig";"2012";"aantal";"3063"
"Benzine";"Speciaal voertuig";"2013";"aantal";"2947"
"Benzine";"Speciaal voertuig";"2014";"aantal";"2868"
"Benzine";"Speciaal voertuig";"2015";"aantal";"2767"
"Benzine";"Speciaal voertuig";"2016";"aantal";"2707"
"Benzine";"Speciaal voertuig";"2017";"aantal";"2647"
"Benzine";"Speciaal voertuig";"2018";"aantal";"2594"
"Benzine";"Speciaal voertuig";"2019";"aantal";"2580"
"Benzine";"Bus";"2000";"aantal";"15"
"Benzine";"Bus";"2001";"aantal";"14"
"Benzine";"Bus";"2002";"aantal";"18"
"Benzine";"Bus";"2003";"aantal";"22"
"Benzine";"Bus";"2004";"aantal";"26"
"Benzine";"Bus";"2005";"aantal";"25"
"Benzine";"Bus";"2006";"aantal";"27"
"Benzine";"Bus";"2007";"aantal";"28"
"Benzine";"Bus";"2008";"aantal";"30"
"Benzine";"Bus";"2009";"aantal";"30"
"Benzine";"Bus";"2010";"aantal";"31"
"Benzine";"Bus";"2011";"aantal";"34"
"Benzine";"Bus";"2012";"aantal";"28"
"Benzine";"Bus";"2013";"aantal";"25"
"Benzine";"Bus";"2014";"aantal";"26"
"Benzine";"Bus";"2015";"aantal";"23"
"Benzine";"Bus";"2016";"aantal";"21"
"Benzine";"Bus";"2017";"aantal";"25"
"Benzine";"Bus";"2018";"aantal";"19"
"Benzine";"Bus";"2019";"aantal";"24"
"Benzine";"Aanhangwagen";"2000";"aantal";""
"Benzine";"Aanhangwagen";"2001";"aantal";""
"Benzine";"Aanhangwagen";"2002";"aantal";""
"Benzine";"Aanhangwagen";"2003";"aantal";""
"Benzine";"Aanhangwagen";"2004";"aantal";""
"Benzine";"Aanhangwagen";"2005";"aantal";""
"Benzine";"Aanhangwagen";"2006";"aantal";""
"Benzine";"Aanhangwagen";"2007";"aantal";""
"Benzine";"Aanhangwagen";"2008";"aantal";""
"Benzine";"Aanhangwagen";"2009";"aantal";""
"Benzine";"Aanhangwagen";"2010";"aantal";""
"Benzine";"Aanhangwagen";"2011";"aantal";""
"Benzine";"Aanhangwagen";"2012";"aantal";""
"Benzine";"Aanhangwagen";"2013";"aantal";""
"Benzine";"Aanhangwagen";"2014";"aantal";""
"Benzine";"Aanhangwagen";"2015";"aantal";""
"Benzine";"Aanhangwagen";"2016";"aantal";""
"Benzine";"Aanhangwagen";"2017";"aantal";""
"Benzine";"Aanhangwagen";"2018";"aantal";""
"Benzine";"Aanhangwagen";"2019";"aantal";""
"Benzine";"Oplegger";"2000";"aantal";""
"Benzine";"Oplegger";"2001";"aantal";""
"Benzine";"Oplegger";"2002";"aantal";""
"Benzine";"Oplegger";"2003";"aantal";""
"Benzine";"Oplegger";"2004";"aantal";""
"Benzine";"Oplegger";"2005";"aantal";""
"Benzine";"Oplegger";"2006";"aantal";""
"Benzine";"Oplegger";"2007";"aantal";""
"Benzine";"Oplegger";"2008";"aantal";""
"Benzine";"Oplegger";"2009";"aantal";""
"Benzine";"Oplegger";"2010";"aantal";""
"Benzine";"Oplegger";"2011";"aantal";""
"Benzine";"Oplegger";"2012";"aantal";""
"Benzine";"Oplegger";"2013";"aantal";""
"Benzine";"Oplegger";"2014";"aantal";""
"Benzine";"Oplegger";"2015";"aantal";""
"Benzine";"Oplegger";"2016";"aantal";""
"Benzine";"Oplegger";"2017";"aantal";""
"Benzine";"Oplegger";"2018";"aantal";""
"Benzine";"Oplegger";"2019";"aantal";""
"Diesel";"Totaal bedrijfsvoertuigen";"2000";"aantal";"769277"
"Diesel";"Totaal bedrijfsvoertuigen";"2001";"aantal";"843632"
"Diesel";"Totaal bedrijfsvoertuigen";"2002";"aantal";"898388"
"Diesel";"Totaal bedrijfsvoertuigen";"2003";"aantal";"946339"
"Diesel";"Totaal bedrijfsvoertuigen";"2004";"aantal";"984793"
"Diesel";"Totaal bedrijfsvoertuigen";"2005";"aantal";"1019314"
"Diesel";"Totaal bedrijfsvoertuigen";"2006";"aantal";"999627"
"Diesel";"Totaal bedrijfsvoertuigen";"2007";"aantal";"999791"
"Diesel";"Totaal bedrijfsvoertuigen";"2008";"aantal";"1021497"
"Diesel";"Totaal bedrijfsvoertuigen";"2009";"aantal";"1042512"
"Diesel";"Totaal bedrijfsvoertuigen";"2010";"aantal";"1036939"
"Diesel";"Totaal bedrijfsvoertuigen";"2011";"aantal";"1024651"
"Diesel";"Totaal bedrijfsvoertuigen";"2012";"aantal";"1011848"
"Diesel";"Totaal bedrijfsvoertuigen";"2013";"aantal";"990377"
"Diesel";"Totaal bedrijfsvoertuigen";"2014";"aantal";"971859"
"Diesel";"Totaal bedrijfsvoertuigen";"2015";"aantal";"967682"
"Diesel";"Totaal bedrijfsvoertuigen";"2016";"aantal";"980549"
"Diesel";"Totaal bedrijfsvoertuigen";"2017";"aantal";"1005102"
"Diesel";"Totaal bedrijfsvoertuigen";"2018";"aantal";"1035854"
"Diesel";"Totaal bedrijfsvoertuigen";"2019";"aantal";"1066714"
"Diesel";"Bestelauto";"2000";"aantal";"588318"
"Diesel";"Bestelauto";"2001";"aantal";"655727"
"Diesel";"Bestelauto";"2002";"aantal";"705434"
"Diesel";"Bestelauto";"2003";"aantal";"749961"
"Diesel";"Bestelauto";"2004";"aantal";"787644"
"Diesel";"Bestelauto";"2005";"aantal";"820775"
"Diesel";"Bestelauto";"2006";"aantal";"798560"
"Diesel";"Bestelauto";"2007";"aantal";"790911"
"Diesel";"Bestelauto";"2008";"aantal";"807912"
"Diesel";"Bestelauto";"2009";"aantal";"824101"
"Diesel";"Bestelauto";"2010";"aantal";"822294"
"Diesel";"Bestelauto";"2011";"aantal";"813116"
"Diesel";"Bestelauto";"2012";"aantal";"802863"
"Diesel";"Bestelauto";"2013";"aantal";"786387"
"Diesel";"Bestelauto";"2014";"aantal";"770792"
"Diesel";"Bestelauto";"2015";"aantal";"770286"
"Diesel";"Bestelauto";"2016";"aantal";"783345"
"Diesel";"Bestelauto";"2017";"aantal";"806254"
"Diesel";"Bestelauto";"2018";"aantal";"834324"
"Diesel";"Bestelauto";"2019";"aantal";"862505"
"Diesel";"Vrachtauto (excl. trekker voor oplegger)";"2000";"aantal";"82031"
"Diesel";"Vrachtauto (excl. trekker voor oplegger)";"2001";"aantal";"82309"
"Diesel";"Vrachtauto (excl. trekker voor oplegger)";"2002";"aantal";"81540"
"Diesel";"Vrachtauto (excl. trekker voor oplegger)";"2003";"aantal";"80454"
"Diesel";"Vrachtauto (excl. trekker voor oplegger)";"2004";"aantal";"78244"
"Diesel";"Vrachtauto (excl. trekker voor oplegger)";"2005";"aantal";"76403"
"Diesel";"Vrachtauto (excl. trekker voor oplegger)";"2006";"aantal";"74705"
"Diesel";"Vrachtauto (excl. trekker voor oplegger)";"2007";"aantal";"74669"
"Diesel";"Vrachtauto (excl. trekker voor oplegger)";"2008";"aantal";"74172"
"Diesel";"Vrachtauto (excl. trekker voor oplegger)";"2009";"aantal";"73902"
"Diesel";"Vrachtauto (excl. trekker voor oplegger)";"2010";"aantal";"72108"
"Diesel";"Vrachtauto (excl. trekker voor oplegger)";"2011";"aantal";"70094"
"Diesel";"Vrachtauto (excl. trekker voor oplegger)";"2012";"aantal";"68258"
"Diesel";"Vrachtauto (excl. trekker voor oplegger)";"2013";"aantal";"65754"
"Diesel";"Vrachtauto (excl. trekker voor oplegger)";"2014";"aantal";"63667"
"Diesel";"Vrachtauto (excl. trekker voor oplegger)";"2015";"aantal";"61915"
"Diesel";"Vrachtauto (excl. trekker voor oplegger)";"2016";"aantal";"60920"
"Diesel";"Vrachtauto (excl. trekker voor oplegger)";"2017";"aantal";"60660"
"Diesel";"Vrachtauto (excl. trekker voor oplegger)";"2018";"aantal";"61107"
"Diesel";"Vrachtauto (excl. trekker voor oplegger)";"2019";"aantal";"61488"
"Diesel";"Trekker voor oplegger";"2000";"aantal";"56729"
"Diesel";"Trekker voor oplegger";"2001";"aantal";"59764"
"Diesel";"Trekker voor oplegger";"2002";"aantal";"61974"
"Diesel";"Trekker voor oplegger";"2003";"aantal";"62847"
"Diesel";"Trekker voor oplegger";"2004";"aantal";"63403"
"Diesel";"Trekker voor oplegger";"2005";"aantal";"64470"
"Diesel";"Trekker voor oplegger";"2006";"aantal";"65561"
"Diesel";"Trekker voor oplegger";"2007";"aantal";"70504"
"Diesel";"Trekker voor oplegger";"2008";"aantal";"72748"
"Diesel";"Trekker voor oplegger";"2009";"aantal";"74579"
"Diesel";"Trekker voor oplegger";"2010";"aantal";"71511"
"Diesel";"Trekker voor oplegger";"2011";"aantal";"71269"
"Diesel";"Trekker voor oplegger";"2012";"aantal";"71409"
"Diesel";"Trekker voor oplegger";"2013";"aantal";"70271"
"Diesel";"Trekker voor oplegger";"2014";"aantal";"70828"
"Diesel";"Trekker voor oplegger";"2015";"aantal";"70258"
"Diesel";"Trekker voor oplegger";"2016";"aantal";"71902"
"Diesel";"Trekker voor oplegger";"2017";"aantal";"73794"
"Diesel";"Trekker voor oplegger";"2018";"aantal";"76594"
"Diesel";"Trekker voor oplegger";"2019";"aantal";"79475"
"Diesel";"Speciaal voertuig";"2000";"aantal";"31225"
"Diesel";"Speciaal voertuig";"2001";"aantal";"34720"
"Diesel";"Speciaal voertuig";"2002";"aantal";"38355"
"Diesel";"Speciaal voertuig";"2003";"aantal";"41924"
"Diesel";"Speciaal voertuig";"2004";"aantal";"44374"
"Diesel";"Speciaal voertuig";"2005";"aantal";"46642"
"Diesel";"Speciaal voertuig";"2006";"aantal";"50047"
"Diesel";"Speciaal voertuig";"2007";"aantal";"53162"
"Diesel";"Speciaal voertuig";"2008";"aantal";"55865"
"Diesel";"Speciaal voertuig";"2009";"aantal";"58903"
"Diesel";"Speciaal voertuig";"2010";"aantal";"60009"
"Diesel";"Speciaal voertuig";"2011";"aantal";"59578"
"Diesel";"Speciaal voertuig";"2012";"aantal";"59047"
"Diesel";"Speciaal voertuig";"2013";"aantal";"58359"
"Diesel";"Speciaal voertuig";"2014";"aantal";"57540"
"Diesel";"Speciaal voertuig";"2015";"aantal";"56453"
"Diesel";"Speciaal voertuig";"2016";"aantal";"55786"
"Diesel";"Speciaal voertuig";"2017";"aantal";"55449"
"Diesel";"Speciaal voertuig";"2018";"aantal";"54903"
"Diesel";"Speciaal voertuig";"2019";"aantal";"54660"
"Diesel";"Bus";"2000";"aantal";"10974"
"Diesel";"Bus";"2001";"aantal";"11112"
"Diesel";"Bus";"2002";"aantal";"11085"
"Diesel";"Bus";"2003";"aantal";"11153"
"Diesel";"Bus";"2004";"aantal";"11128"
"Diesel";"Bus";"2005";"aantal";"11024"
"Diesel";"Bus";"2006";"aantal";"10754"
"Diesel";"Bus";"2007";"aantal";"10545"
"Diesel";"Bus";"2008";"aantal";"10800"
"Diesel";"Bus";"2009";"aantal";"11027"
"Diesel";"Bus";"2010";"aantal";"11017"
"Diesel";"Bus";"2011";"aantal";"10594"
"Diesel";"Bus";"2012";"aantal";"10271"
"Diesel";"Bus";"2013";"aantal";"9606"
"Diesel";"Bus";"2014";"aantal";"9032"
"Diesel";"Bus";"2015";"aantal";"8770"
"Diesel";"Bus";"2016";"aantal";"8596"
"Diesel";"Bus";"2017";"aantal";"8945"
"Diesel";"Bus";"2018";"aantal";"8926"
"Diesel";"Bus";"2019";"aantal";"8586"
"Diesel";"Aanhangwagen";"2000";"aantal";""
"Diesel";"Aanhangwagen";"2001";"aantal";""
"Diesel";"Aanhangwagen";"2002";"aantal";""
"Diesel";"Aanhangwagen";"2003";"aantal";""
"Diesel";"Aanhangwagen";"2004";"aantal";""
"Diesel";"Aanhangwagen";"2005";"aantal";""
"Diesel";"Aanhangwagen";"2006";"aantal";""
"Diesel";"Aanhangwagen";"2007";"aantal";""
"Diesel";"Aanhangwagen";"2008";"aantal";""
"Diesel";"Aanhangwagen";"2009";"aantal";""
"Diesel";"Aanhangwagen";"2010";"aantal";""
"Diesel";"Aanhangwagen";"2011";"aantal";""
"Diesel";"Aanhangwagen";"2012";"aantal";""
"Diesel";"Aanhangwagen";"2013";"aantal";""
"Diesel";"Aanhangwagen";"2014";"aantal";""
"Diesel";"Aanhangwagen";"2015";"aantal";""
"Diesel";"Aanhangwagen";"2016";"aantal";""
"Diesel";"Aanhangwagen";"2017";"aantal";""
"Diesel";"Aanhangwagen";"2018";"aantal";""
"Diesel";"Aanhangwagen";"2019";"aantal";""
"Diesel";"Oplegger";"2000";"aantal";""
"Diesel";"Oplegger";"2001";"aantal";""
"Diesel";"Oplegger";"2002";"aantal";""
"Diesel";"Oplegger";"2003";"aantal";""
"Diesel";"Oplegger";"2004";"aantal";""
"Diesel";"Oplegger";"2005";"aantal";""
"Diesel";"Oplegger";"2006";"aantal";""
"Diesel";"Oplegger";"2007";"aantal";""
"Diesel";"Oplegger";"2008";"aantal";""
"Diesel";"Oplegger";"2009";"aantal";""
"Diesel";"Oplegger";"2010";"aantal";""
"Diesel";"Oplegger";"2011";"aantal";""
"Diesel";"Oplegger";"2012";"aantal";""
"Diesel";"Oplegger";"2013";"aantal";""
"Diesel";"Oplegger";"2014";"aantal";""
"Diesel";"Oplegger";"2015";"aantal";""
"Diesel";"Oplegger";"2016";"aantal";""
"Diesel";"Oplegger";"2017";"aantal";""
"Diesel";"Oplegger";"2018";"aantal";""
"Diesel";"Oplegger";"2019";"aantal";""
"LPG";"Totaal bedrijfsvoertuigen";"2000";"aantal";"23685"
"LPG";"Totaal bedrijfsvoertuigen";"2001";"aantal";"25073"
"LPG";"Totaal bedrijfsvoertuigen";"2002";"aantal";"25271"
"LPG";"Totaal bedrijfsvoertuigen";"2003";"aantal";"25192"
"LPG";"Totaal bedrijfsvoertuigen";"2004";"aantal";"24549"
"LPG";"Totaal bedrijfsvoertuigen";"2005";"aantal";"23534"
"LPG";"Totaal bedrijfsvoertuigen";"2006";"aantal";"20930"
"LPG";"Totaal bedrijfsvoertuigen";"2007";"aantal";"19478"
"LPG";"Totaal bedrijfsvoertuigen";"2008";"aantal";"18886"
"LPG";"Totaal bedrijfsvoertuigen";"2009";"aantal";"19007"
"LPG";"Totaal bedrijfsvoertuigen";"2010";"aantal";"18999"
"LPG";"Totaal bedrijfsvoertuigen";"2011";"aantal";"18762"
"LPG";"Totaal bedrijfsvoertuigen";"2012";"aantal";"18655"
"LPG";"Totaal bedrijfsvoertuigen";"2013";"aantal";"18639"
"LPG";"Totaal bedrijfsvoertuigen";"2014";"aantal";"18099"
"LPG";"Totaal bedrijfsvoertuigen";"2015";"aantal";"17687"
"LPG";"Totaal bedrijfsvoertuigen";"2016";"aantal";"17470"
"LPG";"Totaal bedrijfsvoertuigen";"2017";"aantal";"17696"
"LPG";"Totaal bedrijfsvoertuigen";"2018";"aantal";"18259"
"LPG";"Totaal bedrijfsvoertuigen";"2019";"aantal";"19117"
"LPG";"Bestelauto";"2000";"aantal";"22363"
"LPG";"Bestelauto";"2001";"aantal";"23613"
"LPG";"Bestelauto";"2002";"aantal";"23755"
"LPG";"Bestelauto";"2003";"aantal";"23619"
"LPG";"Bestelauto";"2004";"aantal";"22990"
"LPG";"Bestelauto";"2005";"aantal";"21934"
"LPG";"Bestelauto";"2006";"aantal";"18979"
"LPG";"Bestelauto";"2007";"aantal";"17413"
"LPG";"Bestelauto";"2008";"aantal";"16705"
"LPG";"Bestelauto";"2009";"aantal";"16676"
"LPG";"Bestelauto";"2010";"aantal";"16673"
"LPG";"Bestelauto";"2011";"aantal";"16465"
"LPG";"Bestelauto";"2012";"aantal";"16380"
"LPG";"Bestelauto";"2013";"aantal";"16384"
"LPG";"Bestelauto";"2014";"aantal";"15894"
"LPG";"Bestelauto";"2015";"aantal";"15605"
"LPG";"Bestelauto";"2016";"aantal";"15468"
"LPG";"Bestelauto";"2017";"aantal";"15720"
"LPG";"Bestelauto";"2018";"aantal";"16306"
"LPG";"Bestelauto";"2019";"aantal";"17160"
"LPG";"Vrachtauto (excl. trekker voor oplegger)";"2000";"aantal";"150"
"LPG";"Vrachtauto (excl. trekker voor oplegger)";"2001";"aantal";"164"
"LPG";"Vrachtauto (excl. trekker voor oplegger)";"2002";"aantal";"180"
"LPG";"Vrachtauto (excl. trekker voor oplegger)";"2003";"aantal";"186"
"LPG";"Vrachtauto (excl. trekker voor oplegger)";"2004";"aantal";"183"
"LPG";"Vrachtauto (excl. trekker voor oplegger)";"2005";"aantal";"201"
"LPG";"Vrachtauto (excl. trekker voor oplegger)";"2006";"aantal";"216"
"LPG";"Vrachtauto (excl. trekker voor oplegger)";"2007";"aantal";"229"
"LPG";"Vrachtauto (excl. trekker voor oplegger)";"2008";"aantal";"218"
"LPG";"Vrachtauto (excl. trekker voor oplegger)";"2009";"aantal";"234"
"LPG";"Vrachtauto (excl. trekker voor oplegger)";"2010";"aantal";"241"
"LPG";"Vrachtauto (excl. trekker voor oplegger)";"2011";"aantal";"250"
"LPG";"Vrachtauto (excl. trekker voor oplegger)";"2012";"aantal";"245"
"LPG";"Vrachtauto (excl. trekker voor oplegger)";"2013";"aantal";"249"
"LPG";"Vrachtauto (excl. trekker voor oplegger)";"2014";"aantal";"260"
"LPG";"Vrachtauto (excl. trekker voor oplegger)";"2015";"aantal";"291"
"LPG";"Vrachtauto (excl. trekker voor oplegger)";"2016";"aantal";"293"
"LPG";"Vrachtauto (excl. trekker voor oplegger)";"2017";"aantal";"292"
"LPG";"Vrachtauto (excl. trekker voor oplegger)";"2018";"aantal";"290"
"LPG";"Vrachtauto (excl. trekker voor oplegger)";"2019";"aantal";"286"
"LPG";"Trekker voor oplegger";"2000";"aantal";"13"
"LPG";"Trekker voor oplegger";"2001";"aantal";"14"
"LPG";"Trekker voor oplegger";"2002";"aantal";"11"
"LPG";"Trekker voor oplegger";"2003";"aantal";"15"
"LPG";"Trekker voor oplegger";"2004";"aantal";"12"
"LPG";"Trekker voor oplegger";"2005";"aantal";"13"
"LPG";"Trekker voor oplegger";"2006";"aantal";"13"
"LPG";"Trekker voor oplegger";"2007";"aantal";"12"
"LPG";"Trekker voor oplegger";"2008";"aantal";"13"
"LPG";"Trekker voor oplegger";"2009";"aantal";"16"
"LPG";"Trekker voor oplegger";"2010";"aantal";"16"
"LPG";"Trekker voor oplegger";"2011";"aantal";"17"
"LPG";"Trekker voor oplegger";"2012";"aantal";"15"
"LPG";"Trekker voor oplegger";"2013";"aantal";"16"
"LPG";"Trekker voor oplegger";"2014";"aantal";"17"
"LPG";"Trekker voor oplegger";"2015";"aantal";"18"
"LPG";"Trekker voor oplegger";"2016";"aantal";"17"
"LPG";"Trekker voor oplegger";"2017";"aantal";"20"
"LPG";"Trekker voor oplegger";"2018";"aantal";"23"
"LPG";"Trekker voor oplegger";"2019";"aantal";"64"
"LPG";"Speciaal voertuig";"2000";"aantal";"1006"
"LPG";"Speciaal voertuig";"2001";"aantal";"1096"
"LPG";"Speciaal voertuig";"2002";"aantal";"1147"
"LPG";"Speciaal voertuig";"2003";"aantal";"1217"
"LPG";"Speciaal voertuig";"2004";"aantal";"1220"
"LPG";"Speciaal voertuig";"2005";"aantal";"1261"
"LPG";"Speciaal voertuig";"2006";"aantal";"1567"
"LPG";"Speciaal voertuig";"2007";"aantal";"1697"
"LPG";"Speciaal voertuig";"2008";"aantal";"1837"
"LPG";"Speciaal voertuig";"2009";"aantal";"1969"
"LPG";"Speciaal voertuig";"2010";"aantal";"1984"
"LPG";"Speciaal voertuig";"2011";"aantal";"1949"
"LPG";"Speciaal voertuig";"2012";"aantal";"1937"
"LPG";"Speciaal voertuig";"2013";"aantal";"1915"
"LPG";"Speciaal voertuig";"2014";"aantal";"1859"
"LPG";"Speciaal voertuig";"2015";"aantal";"1763"
"LPG";"Speciaal voertuig";"2016";"aantal";"1685"
"LPG";"Speciaal voertuig";"2017";"aantal";"1659"
"LPG";"Speciaal voertuig";"2018";"aantal";"1634"
"LPG";"Speciaal voertuig";"2019";"aantal";"1601"
"LPG";"Bus";"2000";"aantal";"153"
"LPG";"Bus";"2001";"aantal";"186"
"LPG";"Bus";"2002";"aantal";"178"
"LPG";"Bus";"2003";"aantal";"155"
"LPG";"Bus";"2004";"aantal";"144"
"LPG";"Bus";"2005";"aantal";"125"
"LPG";"Bus";"2006";"aantal";"155"
"LPG";"Bus";"2007";"aantal";"127"
"LPG";"Bus";"2008";"aantal";"113"
"LPG";"Bus";"2009";"aantal";"112"
"LPG";"Bus";"2010";"aantal";"85"
"LPG";"Bus";"2011";"aantal";"81"
"LPG";"Bus";"2012";"aantal";"78"
"LPG";"Bus";"2013";"aantal";"75"
"LPG";"Bus";"2014";"aantal";"69"
"LPG";"Bus";"2015";"aantal";"10"
"LPG";"Bus";"2016";"aantal";"7"
"LPG";"Bus";"2017";"aantal";"5"
"LPG";"Bus";"2018";"aantal";"6"
"LPG";"Bus";"2019";"aantal";"6"
"LPG";"Aanhangwagen";"2000";"aantal";""
"LPG";"Aanhangwagen";"2001";"aantal";""
"LPG";"Aanhangwagen";"2002";"aantal";""
"LPG";"Aanhangwagen";"2003";"aantal";""
"LPG";"Aanhangwagen";"2004";"aantal";""
"LPG";"Aanhangwagen";"2005";"aantal";""
"LPG";"Aanhangwagen";"2006";"aantal";""
"LPG";"Aanhangwagen";"2007";"aantal";""
"LPG";"Aanhangwagen";"2008";"aantal";""
"LPG";"Aanhangwagen";"2009";"aantal";""
"LPG";"Aanhangwagen";"2010";"aantal";""
"LPG";"Aanhangwagen";"2011";"aantal";""
"LPG";"Aanhangwagen";"2012";"aantal";""
"LPG";"Aanhangwagen";"2013";"aantal";""
"LPG";"Aanhangwagen";"2014";"aantal";""
"LPG";"Aanhangwagen";"2015";"aantal";""
"LPG";"Aanhangwagen";"2016";"aantal";""
"LPG";"Aanhangwagen";"2017";"aantal";""
"LPG";"Aanhangwagen";"2018";"aantal";""
"LPG";"Aanhangwagen";"2019";"aantal";""
"LPG";"Oplegger";"2000";"aantal";""
"LPG";"Oplegger";"2001";"aantal";""
"LPG";"Oplegger";"2002";"aantal";""
"LPG";"Oplegger";"2003";"aantal";""
"LPG";"Oplegger";"2004";"aantal";""
"LPG";"Oplegger";"2005";"aantal";""
"LPG";"Oplegger";"2006";"aantal";""
"LPG";"Oplegger";"2007";"aantal";""
"LPG";"Oplegger";"2008";"aantal";""
"LPG";"Oplegger";"2009";"aantal";""
"LPG";"Oplegger";"2010";"aantal";""
"LPG";"Oplegger";"2011";"aantal";""
"LPG";"Oplegger";"2012";"aantal";""
"LPG";"Oplegger";"2013";"aantal";""
"LPG";"Oplegger";"2014";"aantal";""
"LPG";"Oplegger";"2015";"aantal";""
"LPG";"Oplegger";"2016";"aantal";""
"LPG";"Oplegger";"2017";"aantal";""
"LPG";"Oplegger";"2018";"aantal";""
"LPG";"Oplegger";"2019";"aantal";""
"Elektriciteit";"Totaal bedrijfsvoertuigen";"2000";"aantal";"81"
"Elektriciteit";"Totaal bedrijfsvoertuigen";"2001";"aantal";"84"
"Elektriciteit";"Totaal bedrijfsvoertuigen";"2002";"aantal";"76"
"Elektriciteit";"Totaal bedrijfsvoertuigen";"2003";"aantal";"79"
"Elektriciteit";"Totaal bedrijfsvoertuigen";"2004";"aantal";"77"
"Elektriciteit";"Totaal bedrijfsvoertuigen";"2005";"aantal";"88"
"Elektriciteit";"Totaal bedrijfsvoertuigen";"2006";"aantal";"86"
"Elektriciteit";"Totaal bedrijfsvoertuigen";"2007";"aantal";"84"
"Elektriciteit";"Totaal bedrijfsvoertuigen";"2008";"aantal";"81"
"Elektriciteit";"Totaal bedrijfsvoertuigen";"2009";"aantal";"69"
"Elektriciteit";"Totaal bedrijfsvoertuigen";"2010";"aantal";"91"
"Elektriciteit";"Totaal bedrijfsvoertuigen";"2011";"aantal";"162"
"Elektriciteit";"Totaal bedrijfsvoertuigen";"2012";"aantal";"242"
"Elektriciteit";"Totaal bedrijfsvoertuigen";"2013";"aantal";"574"
"Elektriciteit";"Totaal bedrijfsvoertuigen";"2014";"aantal";"778"
"Elektriciteit";"Totaal bedrijfsvoertuigen";"2015";"aantal";"1346"
"Elektriciteit";"Totaal bedrijfsvoertuigen";"2016";"aantal";"1606"
"Elektriciteit";"Totaal bedrijfsvoertuigen";"2017";"aantal";"1832"
"Elektriciteit";"Totaal bedrijfsvoertuigen";"2018";"aantal";"2566"
"Elektriciteit";"Totaal bedrijfsvoertuigen";"2019";"aantal";"3662"
"Elektriciteit";"Bestelauto";"2000";"aantal";"32"
"Elektriciteit";"Bestelauto";"2001";"aantal";"34"
"Elektriciteit";"Bestelauto";"2002";"aantal";"32"
"Elektriciteit";"Bestelauto";"2003";"aantal";"27"
"Elektriciteit";"Bestelauto";"2004";"aantal";"32"
"Elektriciteit";"Bestelauto";"2005";"aantal";"33"
"Elektriciteit";"Bestelauto";"2006";"aantal";"28"
"Elektriciteit";"Bestelauto";"2007";"aantal";"26"
"Elektriciteit";"Bestelauto";"2008";"aantal";"23"
"Elektriciteit";"Bestelauto";"2009";"aantal";"21"
"Elektriciteit";"Bestelauto";"2010";"aantal";"26"
"Elektriciteit";"Bestelauto";"2011";"aantal";"61"
"Elektriciteit";"Bestelauto";"2012";"aantal";"137"
"Elektriciteit";"Bestelauto";"2013";"aantal";"459"
"Elektriciteit";"Bestelauto";"2014";"aantal";"620"
"Elektriciteit";"Bestelauto";"2015";"aantal";"1168"
"Elektriciteit";"Bestelauto";"2016";"aantal";"1376"
"Elektriciteit";"Bestelauto";"2017";"aantal";"1519"
"Elektriciteit";"Bestelauto";"2018";"aantal";"2118"
"Elektriciteit";"Bestelauto";"2019";"aantal";"3090"
"Elektriciteit";"Vrachtauto (excl. trekker voor oplegger)";"2000";"aantal";"0"
"Elektriciteit";"Vrachtauto (excl. trekker voor oplegger)";"2001";"aantal";"0"
"Elektriciteit";"Vrachtauto (excl. trekker voor oplegger)";"2002";"aantal";"2"
"Elektriciteit";"Vrachtauto (excl. trekker voor oplegger)";"2003";"aantal";"2"
"Elektriciteit";"Vrachtauto (excl. trekker voor oplegger)";"2004";"aantal";"2"
"Elektriciteit";"Vrachtauto (excl. trekker voor oplegger)";"2005";"aantal";"1"
"Elektriciteit";"Vrachtauto (excl. trekker voor oplegger)";"2006";"aantal";"2"
"Elektriciteit";"Vrachtauto (excl. trekker voor oplegger)";"2007";"aantal";"1"
"Elektriciteit";"Vrachtauto (excl. trekker voor oplegger)";"2008";"aantal";"1"
"Elektriciteit";"Vrachtauto (excl. trekker voor oplegger)";"2009";"aantal";"1"
"Elektriciteit";"Vrachtauto (excl. trekker voor oplegger)";"2010";"aantal";"6"
"Elektriciteit";"Vrachtauto (excl. trekker voor oplegger)";"2011";"aantal";"8"
"Elektriciteit";"Vrachtauto (excl. trekker voor oplegger)";"2012";"aantal";"15"
"Elektriciteit";"Vrachtauto (excl. trekker voor oplegger)";"2013";"aantal";"22"
"Elektriciteit";"Vrachtauto (excl. trekker voor oplegger)";"2014";"aantal";"39"
"Elektriciteit";"Vrachtauto (excl. trekker voor oplegger)";"2015";"aantal";"57"
"Elektriciteit";"Vrachtauto (excl. trekker voor oplegger)";"2016";"aantal";"96"
"Elektriciteit";"Vrachtauto (excl. trekker voor oplegger)";"2017";"aantal";"104"
"Elektriciteit";"Vrachtauto (excl. trekker voor oplegger)";"2018";"aantal";"107"
"Elektriciteit";"Vrachtauto (excl. trekker voor oplegger)";"2019";"aantal";"123"
"Elektriciteit";"Trekker voor oplegger";"2000";"aantal";"0"
"Elektriciteit";"Trekker voor oplegger";"2001";"aantal";"0"
"Elektriciteit";"Trekker voor oplegger";"2002";"aantal";"0"
"Elektriciteit";"Trekker voor oplegger";"2003";"aantal";"0"
"Elektriciteit";"Trekker voor oplegger";"2004";"aantal";"0"
"Elektriciteit";"Trekker voor oplegger";"2005";"aantal";"0"
"Elektriciteit";"Trekker voor oplegger";"2006";"aantal";"0"
"Elektriciteit";"Trekker voor oplegger";"2007";"aantal";"0"
"Elektriciteit";"Trekker voor oplegger";"2008";"aantal";"0"
"Elektriciteit";"Trekker voor oplegger";"2009";"aantal";"0"
"Elektriciteit";"Trekker voor oplegger";"2010";"aantal";"0"
"Elektriciteit";"Trekker voor oplegger";"2011";"aantal";"0"
"Elektriciteit";"Trekker voor oplegger";"2012";"aantal";"0"
"Elektriciteit";"Trekker voor oplegger";"2013";"aantal";"2"
"Elektriciteit";"Trekker voor oplegger";"2014";"aantal";"4"
"Elektriciteit";"Trekker voor oplegger";"2015";"aantal";"7"
"Elektriciteit";"Trekker voor oplegger";"2016";"aantal";"6"
"Elektriciteit";"Trekker voor oplegger";"2017";"aantal";"8"
"Elektriciteit";"Trekker voor oplegger";"2018";"aantal";"9"
"Elektriciteit";"Trekker voor oplegger";"2019";"aantal";"12"
"Elektriciteit";"Speciaal voertuig";"2000";"aantal";"0"
"Elektriciteit";"Speciaal voertuig";"2001";"aantal";"0"
"Elektriciteit";"Speciaal voertuig";"2002";"aantal";"0"
"Elektriciteit";"Speciaal voertuig";"2003";"aantal";"0"
"Elektriciteit";"Speciaal voertuig";"2004";"aantal";"0"
"Elektriciteit";"Speciaal voertuig";"2005";"aantal";"0"
"Elektriciteit";"Speciaal voertuig";"2006";"aantal";"0"
"Elektriciteit";"Speciaal voertuig";"2007";"aantal";"0"
"Elektriciteit";"Speciaal voertuig";"2008";"aantal";"0"
"Elektriciteit";"Speciaal voertuig";"2009";"aantal";"0"
"Elektriciteit";"Speciaal voertuig";"2010";"aantal";"2"
"Elektriciteit";"Speciaal voertuig";"2011";"aantal";"3"
"Elektriciteit";"Speciaal voertuig";"2012";"aantal";"4"
"Elektriciteit";"Speciaal voertuig";"2013";"aantal";"4"
"Elektriciteit";"Speciaal voertuig";"2014";"aantal";"9"
"Elektriciteit";"Speciaal voertuig";"2015";"aantal";"9"
"Elektriciteit";"Speciaal voertuig";"2016";"aantal";"11"
"Elektriciteit";"Speciaal voertuig";"2017";"aantal";"10"
"Elektriciteit";"Speciaal voertuig";"2018";"aantal";"11"
"Elektriciteit";"Speciaal voertuig";"2019";"aantal";"13"
"Elektriciteit";"Bus";"2000";"aantal";"49"
"Elektriciteit";"Bus";"2001";"aantal";"50"
"Elektriciteit";"Bus";"2002";"aantal";"42"
"Elektriciteit";"Bus";"2003";"aantal";"50"
"Elektriciteit";"Bus";"2004";"aantal";"43"
"Elektriciteit";"Bus";"2005";"aantal";"54"
"Elektriciteit";"Bus";"2006";"aantal";"56"
"Elektriciteit";"Bus";"2007";"aantal";"57"
"Elektriciteit";"Bus";"2008";"aantal";"57"
"Elektriciteit";"Bus";"2009";"aantal";"47"
"Elektriciteit";"Bus";"2010";"aantal";"57"
"Elektriciteit";"Bus";"2011";"aantal";"90"
"Elektriciteit";"Bus";"2012";"aantal";"86"
"Elektriciteit";"Bus";"2013";"aantal";"87"
"Elektriciteit";"Bus";"2014";"aantal";"106"
"Elektriciteit";"Bus";"2015";"aantal";"105"
"Elektriciteit";"Bus";"2016";"aantal";"117"
"Elektriciteit";"Bus";"2017";"aantal";"191"
"Elektriciteit";"Bus";"2018";"aantal";"321"
"Elektriciteit";"Bus";"2019";"aantal";"424"
"Elektriciteit";"Aanhangwagen";"2000";"aantal";""
"Elektriciteit";"Aanhangwagen";"2001";"aantal";""
"Elektriciteit";"Aanhangwagen";"2002";"aantal";""
"Elektriciteit";"Aanhangwagen";"2003";"aantal";""
"Elektriciteit";"Aanhangwagen";"2004";"aantal";""
"Elektriciteit";"Aanhangwagen";"2005";"aantal";""
"Elektriciteit";"Aanhangwagen";"2006";"aantal";""
"Elektriciteit";"Aanhangwagen";"2007";"aantal";""
"Elektriciteit";"Aanhangwagen";"2008";"aantal";""
"Elektriciteit";"Aanhangwagen";"2009";"aantal";""
"Elektriciteit";"Aanhangwagen";"2010";"aantal";""
"Elektriciteit";"Aanhangwagen";"2011";"aantal";""
"Elektriciteit";"Aanhangwagen";"2012";"aantal";""
"Elektriciteit";"Aanhangwagen";"2013";"aantal";""
"Elektriciteit";"Aanhangwagen";"2014";"aantal";""
"Elektriciteit";"Aanhangwagen";"2015";"aantal";""
"Elektriciteit";"Aanhangwagen";"2016";"aantal";""
"Elektriciteit";"Aanhangwagen";"2017";"aantal";""
"Elektriciteit";"Aanhangwagen";"2018";"aantal";""
"Elektriciteit";"Aanhangwagen";"2019";"aantal";""
"Elektriciteit";"Oplegger";"2000";"aantal";""
"Elektriciteit";"Oplegger";"2001";"aantal";""
"Elektriciteit";"Oplegger";"2002";"aantal";""
"Elektriciteit";"Oplegger";"2003";"aantal";""
"Elektriciteit";"Oplegger";"2004";"aantal";""
"Elektriciteit";"Oplegger";"2005";"aantal";""
"Elektriciteit";"Oplegger";"2006";"aantal";""
"Elektriciteit";"Oplegger";"2007";"aantal";""
"Elektriciteit";"Oplegger";"2008";"aantal";""
"Elektriciteit";"Oplegger";"2009";"aantal";""
"Elektriciteit";"Oplegger";"2010";"aantal";""
"Elektriciteit";"Oplegger";"2011";"aantal";""
"Elektriciteit";"Oplegger";"2012";"aantal";""
"Elektriciteit";"Oplegger";"2013";"aantal";""
"Elektriciteit";"Oplegger";"2014";"aantal";""
"Elektriciteit";"Oplegger";"2015";"aantal";""
"Elektriciteit";"Oplegger";"2016";"aantal";""
"Elektriciteit";"Oplegger";"2017";"aantal";""
"Elektriciteit";"Oplegger";"2018";"aantal";""
"Elektriciteit";"Oplegger";"2019";"aantal";""
"CNG";"Totaal bedrijfsvoertuigen";"2000";"aantal";"514"
"CNG";"Totaal bedrijfsvoertuigen";"2001";"aantal";"540"
"CNG";"Totaal bedrijfsvoertuigen";"2002";"aantal";"466"
"CNG";"Totaal bedrijfsvoertuigen";"2003";"aantal";"446"
"CNG";"Totaal bedrijfsvoertuigen";"2004";"aantal";"311"
"CNG";"Totaal bedrijfsvoertuigen";"2005";"aantal";"261"
"CNG";"Totaal bedrijfsvoertuigen";"2006";"aantal";"232"
"CNG";"Totaal bedrijfsvoertuigen";"2007";"aantal";"310"
"CNG";"Totaal bedrijfsvoertuigen";"2008";"aantal";"406"
"CNG";"Totaal bedrijfsvoertuigen";"2009";"aantal";"690"
"CNG";"Totaal bedrijfsvoertuigen";"2010";"aantal";"1393"
"CNG";"Totaal bedrijfsvoertuigen";"2011";"aantal";"1824"
"CNG";"Totaal bedrijfsvoertuigen";"2012";"aantal";"2283"
"CNG";"Totaal bedrijfsvoertuigen";"2013";"aantal";"2900"
"CNG";"Totaal bedrijfsvoertuigen";"2014";"aantal";"3198"
"CNG";"Totaal bedrijfsvoertuigen";"2015";"aantal";"3572"
"CNG";"Totaal bedrijfsvoertuigen";"2016";"aantal";"3872"
"CNG";"Totaal bedrijfsvoertuigen";"2017";"aantal";"4137"
"CNG";"Totaal bedrijfsvoertuigen";"2018";"aantal";"4735"
"CNG";"Totaal bedrijfsvoertuigen";"2019";"aantal";"5193"
"CNG";"Bestelauto";"2000";"aantal";"492"
"CNG";"Bestelauto";"2001";"aantal";"525"
"CNG";"Bestelauto";"2002";"aantal";"450"
"CNG";"Bestelauto";"2003";"aantal";"426"
"CNG";"Bestelauto";"2004";"aantal";"292"
"CNG";"Bestelauto";"2005";"aantal";"239"
"CNG";"Bestelauto";"2006";"aantal";"210"
"CNG";"Bestelauto";"2007";"aantal";"207"
"CNG";"Bestelauto";"2008";"aantal";"294"
"CNG";"Bestelauto";"2009";"aantal";"500"
"CNG";"Bestelauto";"2010";"aantal";"841"
"CNG";"Bestelauto";"2011";"aantal";"1187"
"CNG";"Bestelauto";"2012";"aantal";"1544"
"CNG";"Bestelauto";"2013";"aantal";"1931"
"CNG";"Bestelauto";"2014";"aantal";"2173"
"CNG";"Bestelauto";"2015";"aantal";"2512"
"CNG";"Bestelauto";"2016";"aantal";"2719"
"CNG";"Bestelauto";"2017";"aantal";"2992"
"CNG";"Bestelauto";"2018";"aantal";"3573"
"CNG";"Bestelauto";"2019";"aantal";"3911"
"CNG";"Vrachtauto (excl. trekker voor oplegger)";"2000";"aantal";"0"
"CNG";"Vrachtauto (excl. trekker voor oplegger)";"2001";"aantal";"0"
"CNG";"Vrachtauto (excl. trekker voor oplegger)";"2002";"aantal";"0"
"CNG";"Vrachtauto (excl. trekker voor oplegger)";"2003";"aantal";"2"
"CNG";"Vrachtauto (excl. trekker voor oplegger)";"2004";"aantal";"3"
"CNG";"Vrachtauto (excl. trekker voor oplegger)";"2005";"aantal";"7"
"CNG";"Vrachtauto (excl. trekker voor oplegger)";"2006";"aantal";"11"
"CNG";"Vrachtauto (excl. trekker voor oplegger)";"2007";"aantal";"12"
"CNG";"Vrachtauto (excl. trekker voor oplegger)";"2008";"aantal";"16"
"CNG";"Vrachtauto (excl. trekker voor oplegger)";"2009";"aantal";"66"
"CNG";"Vrachtauto (excl. trekker voor oplegger)";"2010";"aantal";"87"
"CNG";"Vrachtauto (excl. trekker voor oplegger)";"2011";"aantal";"104"
"CNG";"Vrachtauto (excl. trekker voor oplegger)";"2012";"aantal";"118"
"CNG";"Vrachtauto (excl. trekker voor oplegger)";"2013";"aantal";"154"
"CNG";"Vrachtauto (excl. trekker voor oplegger)";"2014";"aantal";"176"
"CNG";"Vrachtauto (excl. trekker voor oplegger)";"2015";"aantal";"186"
"CNG";"Vrachtauto (excl. trekker voor oplegger)";"2016";"aantal";"221"
"CNG";"Vrachtauto (excl. trekker voor oplegger)";"2017";"aantal";"204"
"CNG";"Vrachtauto (excl. trekker voor oplegger)";"2018";"aantal";"176"
"CNG";"Vrachtauto (excl. trekker voor oplegger)";"2019";"aantal";"177"
"CNG";"Trekker voor oplegger";"2000";"aantal";"0"
"CNG";"Trekker voor oplegger";"2001";"aantal";"0"
"CNG";"Trekker voor oplegger";"2002";"aantal";"4"
"CNG";"Trekker voor oplegger";"2003";"aantal";"8"
"CNG";"Trekker voor oplegger";"2004";"aantal";"8"
"CNG";"Trekker voor oplegger";"2005";"aantal";"7"
"CNG";"Trekker voor oplegger";"2006";"aantal";"5"
"CNG";"Trekker voor oplegger";"2007";"aantal";"0"
"CNG";"Trekker voor oplegger";"2008";"aantal";"1"
"CNG";"Trekker voor oplegger";"2009";"aantal";"3"
"CNG";"Trekker voor oplegger";"2010";"aantal";"6"
"CNG";"Trekker voor oplegger";"2011";"aantal";"12"
"CNG";"Trekker voor oplegger";"2012";"aantal";"35"
"CNG";"Trekker voor oplegger";"2013";"aantal";"58"
"CNG";"Trekker voor oplegger";"2014";"aantal";"27"
"CNG";"Trekker voor oplegger";"2015";"aantal";"36"
"CNG";"Trekker voor oplegger";"2016";"aantal";"113"
"CNG";"Trekker voor oplegger";"2017";"aantal";"116"
"CNG";"Trekker voor oplegger";"2018";"aantal";"128"
"CNG";"Trekker voor oplegger";"2019";"aantal";"189"
"CNG";"Speciaal voertuig";"2000";"aantal";"7"
"CNG";"Speciaal voertuig";"2001";"aantal";"8"
"CNG";"Speciaal voertuig";"2002";"aantal";"9"
"CNG";"Speciaal voertuig";"2003";"aantal";"8"
"CNG";"Speciaal voertuig";"2004";"aantal";"8"
"CNG";"Speciaal voertuig";"2005";"aantal";"8"
"CNG";"Speciaal voertuig";"2006";"aantal";"6"
"CNG";"Speciaal voertuig";"2007";"aantal";"6"
"CNG";"Speciaal voertuig";"2008";"aantal";"7"
"CNG";"Speciaal voertuig";"2009";"aantal";"6"
"CNG";"Speciaal voertuig";"2010";"aantal";"15"
"CNG";"Speciaal voertuig";"2011";"aantal";"43"
"CNG";"Speciaal voertuig";"2012";"aantal";"63"
"CNG";"Speciaal voertuig";"2013";"aantal";"86"
"CNG";"Speciaal voertuig";"2014";"aantal";"135"
"CNG";"Speciaal voertuig";"2015";"aantal";"151"
"CNG";"Speciaal voertuig";"2016";"aantal";"151"
"CNG";"Speciaal voertuig";"2017";"aantal";"169"
"CNG";"Speciaal voertuig";"2018";"aantal";"216"
"CNG";"Speciaal voertuig";"2019";"aantal";"239"
"CNG";"Bus";"2000";"aantal";"15"
"CNG";"Bus";"2001";"aantal";"7"
"CNG";"Bus";"2002";"aantal";"3"
"CNG";"Bus";"2003";"aantal";"2"
"CNG";"Bus";"2004";"aantal";"0"
"CNG";"Bus";"2005";"aantal";"0"
"CNG";"Bus";"2006";"aantal";"0"
"CNG";"Bus";"2007";"aantal";"85"
"CNG";"Bus";"2008";"aantal";"88"
"CNG";"Bus";"2009";"aantal";"115"
"CNG";"Bus";"2010";"aantal";"444"
"CNG";"Bus";"2011";"aantal";"478"
"CNG";"Bus";"2012";"aantal";"523"
"CNG";"Bus";"2013";"aantal";"671"
"CNG";"Bus";"2014";"aantal";"687"
"CNG";"Bus";"2015";"aantal";"687"
"CNG";"Bus";"2016";"aantal";"668"
"CNG";"Bus";"2017";"aantal";"656"
"CNG";"Bus";"2018";"aantal";"642"
"CNG";"Bus";"2019";"aantal";"677"
"CNG";"Aanhangwagen";"2000";"aantal";""
"CNG";"Aanhangwagen";"2001";"aantal";""
"CNG";"Aanhangwagen";"2002";"aantal";""
"CNG";"Aanhangwagen";"2003";"aantal";""
"CNG";"Aanhangwagen";"2004";"aantal";""
"CNG";"Aanhangwagen";"2005";"aantal";""
"CNG";"Aanhangwagen";"2006";"aantal";""
"CNG";"Aanhangwagen";"2007";"aantal";""
"CNG";"Aanhangwagen";"2008";"aantal";""
"CNG";"Aanhangwagen";"2009";"aantal";""
"CNG";"Aanhangwagen";"2010";"aantal";""
"CNG";"Aanhangwagen";"2011";"aantal";""
"CNG";"Aanhangwagen";"2012";"aantal";""
"CNG";"Aanhangwagen";"2013";"aantal";""
"CNG";"Aanhangwagen";"2014";"aantal";""
"CNG";"Aanhangwagen";"2015";"aantal";""
"CNG";"Aanhangwagen";"2016";"aantal";""
"CNG";"Aanhangwagen";"2017";"aantal";""
"CNG";"Aanhangwagen";"2018";"aantal";""
"CNG";"Aanhangwagen";"2019";"aantal";""
"CNG";"Oplegger";"2000";"aantal";""
"CNG";"Oplegger";"2001";"aantal";""
"CNG";"Oplegger";"2002";"aantal";""
"CNG";"Oplegger";"2003";"aantal";""
"CNG";"Oplegger";"2004";"aantal";""
"CNG";"Oplegger";"2005";"aantal";""
"CNG";"Oplegger";"2006";"aantal";""
"CNG";"Oplegger";"2007";"aantal";""
"CNG";"Oplegger";"2008";"aantal";""
"CNG";"Oplegger";"2009";"aantal";""
"CNG";"Oplegger";"2010";"aantal";""
"CNG";"Oplegger";"2011";"aantal";""
"CNG";"Oplegger";"2012";"aantal";""
"CNG";"Oplegger";"2013";"aantal";""
"CNG";"Oplegger";"2014";"aantal";""
"CNG";"Oplegger";"2015";"aantal";""
"CNG";"Oplegger";"2016";"aantal";""
"CNG";"Oplegger";"2017";"aantal";""
"CNG";"Oplegger";"2018";"aantal";""
"CNG";"Oplegger";"2019";"aantal";""
"Geen/overige/onbekende brandstof";"Totaal bedrijfsvoertuigen";"2000";"aantal";"2"
"Geen/overige/onbekende brandstof";"Totaal bedrijfsvoertuigen";"2001";"aantal";"0"
"Geen/overige/onbekende brandstof";"Totaal bedrijfsvoertuigen";"2002";"aantal";"0"
"Geen/overige/onbekende brandstof";"Totaal bedrijfsvoertuigen";"2003";"aantal";"1"
"Geen/overige/onbekende brandstof";"Totaal bedrijfsvoertuigen";"2004";"aantal";"828721"
"Geen/overige/onbekende brandstof";"Totaal bedrijfsvoertuigen";"2005";"aantal";"894399"
"Geen/overige/onbekende brandstof";"Totaal bedrijfsvoertuigen";"2006";"aantal";"937097"
"Geen/overige/onbekende brandstof";"Totaal bedrijfsvoertuigen";"2007";"aantal";"972861"
"Geen/overige/onbekende brandstof";"Totaal bedrijfsvoertuigen";"2008";"aantal";"1007949"
"Geen/overige/onbekende brandstof";"Totaal bedrijfsvoertuigen";"2009";"aantal";"1038852"
"Geen/overige/onbekende brandstof";"Totaal bedrijfsvoertuigen";"2010";"aantal";"1056743"
"Geen/overige/onbekende brandstof";"Totaal bedrijfsvoertuigen";"2011";"aantal";"1071165"
"Geen/overige/onbekende brandstof";"Totaal bedrijfsvoertuigen";"2012";"aantal";"1084692"
"Geen/overige/onbekende brandstof";"Totaal bedrijfsvoertuigen";"2013";"aantal";"1092235"
"Geen/overige/onbekende brandstof";"Totaal bedrijfsvoertuigen";"2014";"aantal";"1096966"
"Geen/overige/onbekende brandstof";"Totaal bedrijfsvoertuigen";"2015";"aantal";"1106869"
"Geen/overige/onbekende brandstof";"Totaal bedrijfsvoertuigen";"2016";"aantal";"1122569"
"Geen/overige/onbekende brandstof";"Totaal bedrijfsvoertuigen";"2017";"aantal";"1138779"
"Geen/overige/onbekende brandstof";"Totaal bedrijfsvoertuigen";"2018";"aantal";"1160192"
"Geen/overige/onbekende brandstof";"Totaal bedrijfsvoertuigen";"2019";"aantal";"1173102"
"Geen/overige/onbekende brandstof";"Bestelauto";"2000";"aantal";"0"
"Geen/overige/onbekende brandstof";"Bestelauto";"2001";"aantal";"0"
"Geen/overige/onbekende brandstof";"Bestelauto";"2002";"aantal";"0"
"Geen/overige/onbekende brandstof";"Bestelauto";"2003";"aantal";"0"
"Geen/overige/onbekende brandstof";"Bestelauto";"2004";"aantal";"0"
"Geen/overige/onbekende brandstof";"Bestelauto";"2005";"aantal";"0"
"Geen/overige/onbekende brandstof";"Bestelauto";"2006";"aantal";"0"
"Geen/overige/onbekende brandstof";"Bestelauto";"2007";"aantal";"0"
"Geen/overige/onbekende brandstof";"Bestelauto";"2008";"aantal";"0"
"Geen/overige/onbekende brandstof";"Bestelauto";"2009";"aantal";"1"
"Geen/overige/onbekende brandstof";"Bestelauto";"2010";"aantal";"2"
"Geen/overige/onbekende brandstof";"Bestelauto";"2011";"aantal";"3"
"Geen/overige/onbekende brandstof";"Bestelauto";"2012";"aantal";"3"
"Geen/overige/onbekende brandstof";"Bestelauto";"2013";"aantal";"2"
"Geen/overige/onbekende brandstof";"Bestelauto";"2014";"aantal";"4"
"Geen/overige/onbekende brandstof";"Bestelauto";"2015";"aantal";"11"
"Geen/overige/onbekende brandstof";"Bestelauto";"2016";"aantal";"12"
"Geen/overige/onbekende brandstof";"Bestelauto";"2017";"aantal";"13"
"Geen/overige/onbekende brandstof";"Bestelauto";"2018";"aantal";"14"
"Geen/overige/onbekende brandstof";"Bestelauto";"2019";"aantal";"13"
"Geen/overige/onbekende brandstof";"Vrachtauto (excl. trekker voor oplegger)";"2000";"aantal";"2"
"Geen/overige/onbekende brandstof";"Vrachtauto (excl. trekker voor oplegger)";"2001";"aantal";"0"
"Geen/overige/onbekende brandstof";"Vrachtauto (excl. trekker voor oplegger)";"2002";"aantal";"0"
"Geen/overige/onbekende brandstof";"Vrachtauto (excl. trekker voor oplegger)";"2003";"aantal";"0"
"Geen/overige/onbekende brandstof";"Vrachtauto (excl. trekker voor oplegger)";"2004";"aantal";"0"
"Geen/overige/onbekende brandstof";"Vrachtauto (excl. trekker voor oplegger)";"2005";"aantal";"0"
"Geen/overige/onbekende brandstof";"Vrachtauto (excl. trekker voor oplegger)";"2006";"aantal";"0"
"Geen/overige/onbekende brandstof";"Vrachtauto (excl. trekker voor oplegger)";"2007";"aantal";"0"
"Geen/overige/onbekende brandstof";"Vrachtauto (excl. trekker voor oplegger)";"2008";"aantal";"0"
"Geen/overige/onbekende brandstof";"Vrachtauto (excl. trekker voor oplegger)";"2009";"aantal";"0"
"Geen/overige/onbekende brandstof";"Vrachtauto (excl. trekker voor oplegger)";"2010";"aantal";"1"
"Geen/overige/onbekende brandstof";"Vrachtauto (excl. trekker voor oplegger)";"2011";"aantal";"1"
"Geen/overige/onbekende brandstof";"Vrachtauto (excl. trekker voor oplegger)";"2012";"aantal";"1"
"Geen/overige/onbekende brandstof";"Vrachtauto (excl. trekker voor oplegger)";"2013";"aantal";"9"
"Geen/overige/onbekende brandstof";"Vrachtauto (excl. trekker voor oplegger)";"2014";"aantal";"14"
"Geen/overige/onbekende brandstof";"Vrachtauto (excl. trekker voor oplegger)";"2015";"aantal";"16"
"Geen/overige/onbekende brandstof";"Vrachtauto (excl. trekker voor oplegger)";"2016";"aantal";"17"
"Geen/overige/onbekende brandstof";"Vrachtauto (excl. trekker voor oplegger)";"2017";"aantal";"25"
"Geen/overige/onbekende brandstof";"Vrachtauto (excl. trekker voor oplegger)";"2018";"aantal";"30"
"Geen/overige/onbekende brandstof";"Vrachtauto (excl. trekker voor oplegger)";"2019";"aantal";"30"
"Geen/overige/onbekende brandstof";"Trekker voor oplegger";"2000";"aantal";"0"
"Geen/overige/onbekende brandstof";"Trekker voor oplegger";"2001";"aantal";"0"
"Geen/overige/onbekende brandstof";"Trekker voor oplegger";"2002";"aantal";"0"
"Geen/overige/onbekende brandstof";"Trekker voor oplegger";"2003";"aantal";"0"
"Geen/overige/onbekende brandstof";"Trekker voor oplegger";"2004";"aantal";"0"
"Geen/overige/onbekende brandstof";"Trekker voor oplegger";"2005";"aantal";"0"
"Geen/overige/onbekende brandstof";"Trekker voor oplegger";"2006";"aantal";"0"
"Geen/overige/onbekende brandstof";"Trekker voor oplegger";"2007";"aantal";"0"
"Geen/overige/onbekende brandstof";"Trekker voor oplegger";"2008";"aantal";"0"
"Geen/overige/onbekende brandstof";"Trekker voor oplegger";"2009";"aantal";"1"
"Geen/overige/onbekende brandstof";"Trekker voor oplegger";"2010";"aantal";"0"
"Geen/overige/onbekende brandstof";"Trekker voor oplegger";"2011";"aantal";"3"
"Geen/overige/onbekende brandstof";"Trekker voor oplegger";"2012";"aantal";"3"
"Geen/overige/onbekende brandstof";"Trekker voor oplegger";"2013";"aantal";"49"
"Geen/overige/onbekende brandstof";"Trekker voor oplegger";"2014";"aantal";"164"
"Geen/overige/onbekende brandstof";"Trekker voor oplegger";"2015";"aantal";"187"
"Geen/overige/onbekende brandstof";"Trekker voor oplegger";"2016";"aantal";"180"
"Geen/overige/onbekende brandstof";"Trekker voor oplegger";"2017";"aantal";"252"
"Geen/overige/onbekende brandstof";"Trekker voor oplegger";"2018";"aantal";"292"
"Geen/overige/onbekende brandstof";"Trekker voor oplegger";"2019";"aantal";"303"
"Geen/overige/onbekende brandstof";"Speciaal voertuig";"2000";"aantal";"0"
"Geen/overige/onbekende brandstof";"Speciaal voertuig";"2001";"aantal";"0"
"Geen/overige/onbekende brandstof";"Speciaal voertuig";"2002";"aantal";"0"
"Geen/overige/onbekende brandstof";"Speciaal voertuig";"2003";"aantal";"1"
"Geen/overige/onbekende brandstof";"Speciaal voertuig";"2004";"aantal";"0"
"Geen/overige/onbekende brandstof";"Speciaal voertuig";"2005";"aantal";"1"
"Geen/overige/onbekende brandstof";"Speciaal voertuig";"2006";"aantal";"0"
"Geen/overige/onbekende brandstof";"Speciaal voertuig";"2007";"aantal";"0"
"Geen/overige/onbekende brandstof";"Speciaal voertuig";"2008";"aantal";"0"
"Geen/overige/onbekende brandstof";"Speciaal voertuig";"2009";"aantal";"0"
"Geen/overige/onbekende brandstof";"Speciaal voertuig";"2010";"aantal";"0"
"Geen/overige/onbekende brandstof";"Speciaal voertuig";"2011";"aantal";"1"
"Geen/overige/onbekende brandstof";"Speciaal voertuig";"2012";"aantal";"1"
"Geen/overige/onbekende brandstof";"Speciaal voertuig";"2013";"aantal";"1"
"Geen/overige/onbekende brandstof";"Speciaal voertuig";"2014";"aantal";"3"
"Geen/overige/onbekende brandstof";"Speciaal voertuig";"2015";"aantal";"2"
"Geen/overige/onbekende brandstof";"Speciaal voertuig";"2016";"aantal";"4"
"Geen/overige/onbekende brandstof";"Speciaal voertuig";"2017";"aantal";"6"
"Geen/overige/onbekende brandstof";"Speciaal voertuig";"2018";"aantal";"13"
"Geen/overige/onbekende brandstof";"Speciaal voertuig";"2019";"aantal";"13"
"Geen/overige/onbekende brandstof";"Bus";"2000";"aantal";"0"
"Geen/overige/onbekende brandstof";"Bus";"2001";"aantal";"0"
"Geen/overige/onbekende brandstof";"Bus";"2002";"aantal";"0"
"Geen/overige/onbekende brandstof";"Bus";"2003";"aantal";"0"
"Geen/overige/onbekende brandstof";"Bus";"2004";"aantal";"3"
"Geen/overige/onbekende brandstof";"Bus";"2005";"aantal";"3"
"Geen/overige/onbekende brandstof";"Bus";"2006";"aantal";"3"
"Geen/overige/onbekende brandstof";"Bus";"2007";"aantal";"3"
"Geen/overige/onbekende brandstof";"Bus";"2008";"aantal";"3"
"Geen/overige/onbekende brandstof";"Bus";"2009";"aantal";"1"
"Geen/overige/onbekende brandstof";"Bus";"2010";"aantal";"0"
"Geen/overige/onbekende brandstof";"Bus";"2011";"aantal";"0"
"Geen/overige/onbekende brandstof";"Bus";"2012";"aantal";"0"
"Geen/overige/onbekende brandstof";"Bus";"2013";"aantal";"0"
"Geen/overige/onbekende brandstof";"Bus";"2014";"aantal";"2"
"Geen/overige/onbekende brandstof";"Bus";"2015";"aantal";"2"
"Geen/overige/onbekende brandstof";"Bus";"2016";"aantal";"2"
"Geen/overige/onbekende brandstof";"Bus";"2017";"aantal";"0"
"Geen/overige/onbekende brandstof";"Bus";"2018";"aantal";"0"
"Geen/overige/onbekende brandstof";"Bus";"2019";"aantal";"0"
"Geen/overige/onbekende brandstof";"Aanhangwagen";"2000";"aantal";""
"Geen/overige/onbekende brandstof";"Aanhangwagen";"2001";"aantal";""
"Geen/overige/onbekende brandstof";"Aanhangwagen";"2002";"aantal";""
"Geen/overige/onbekende brandstof";"Aanhangwagen";"2003";"aantal";""
"Geen/overige/onbekende brandstof";"Aanhangwagen";"2004";"aantal";"721626"
"Geen/overige/onbekende brandstof";"Aanhangwagen";"2005";"aantal";"782035"
"Geen/overige/onbekende brandstof";"Aanhangwagen";"2006";"aantal";"820035"
"Geen/overige/onbekende brandstof";"Aanhangwagen";"2007";"aantal";"853482"
"Geen/overige/onbekende brandstof";"Aanhangwagen";"2008";"aantal";"881919"
"Geen/overige/onbekende brandstof";"Aanhangwagen";"2009";"aantal";"905955"
"Geen/overige/onbekende brandstof";"Aanhangwagen";"2010";"aantal";"924118"
"Geen/overige/onbekende brandstof";"Aanhangwagen";"2011";"aantal";"938857"
"Geen/overige/onbekende brandstof";"Aanhangwagen";"2012";"aantal";"952350"
"Geen/overige/onbekende brandstof";"Aanhangwagen";"2013";"aantal";"960631"
"Geen/overige/onbekende brandstof";"Aanhangwagen";"2014";"aantal";"964889"
"Geen/overige/onbekende brandstof";"Aanhangwagen";"2015";"aantal";"970962"
"Geen/overige/onbekende brandstof";"Aanhangwagen";"2016";"aantal";"979377"
"Geen/overige/onbekende brandstof";"Aanhangwagen";"2017";"aantal";"989453"
"Geen/overige/onbekende brandstof";"Aanhangwagen";"2018";"aantal";"1002771"
"Geen/overige/onbekende brandstof";"Aanhangwagen";"2019";"aantal";"1008731"
"Geen/overige/onbekende brandstof";"Oplegger";"2000";"aantal";""
"Geen/overige/onbekende brandstof";"Oplegger";"2001";"aantal";""
"Geen/overige/onbekende brandstof";"Oplegger";"2002";"aantal";""
"Geen/overige/onbekende brandstof";"Oplegger";"2003";"aantal";""
"Geen/overige/onbekende brandstof";"Oplegger";"2004";"aantal";"107092"
"Geen/overige/onbekende brandstof";"Oplegger";"2005";"aantal";"112360"
"Geen/overige/onbekende brandstof";"Oplegger";"2006";"aantal";"117059"
"Geen/overige/onbekende brandstof";"Oplegger";"2007";"aantal";"119376"
"Geen/overige/onbekende brandstof";"Oplegger";"2008";"aantal";"126027"
"Geen/overige/onbekende brandstof";"Oplegger";"2009";"aantal";"132894"
"Geen/overige/onbekende brandstof";"Oplegger";"2010";"aantal";"132622"
"Geen/overige/onbekende brandstof";"Oplegger";"2011";"aantal";"132300"
"Geen/overige/onbekende brandstof";"Oplegger";"2012";"aantal";"132334"
"Geen/overige/onbekende brandstof";"Oplegger";"2013";"aantal";"131543"
"Geen/overige/onbekende brandstof";"Oplegger";"2014";"aantal";"131890"
"Geen/overige/onbekende brandstof";"Oplegger";"2015";"aantal";"135689"
"Geen/overige/onbekende brandstof";"Oplegger";"2016";"aantal";"142977"
"Geen/overige/onbekende brandstof";"Oplegger";"2017";"aantal";"149030"
"Geen/overige/onbekende brandstof";"Oplegger";"2018";"aantal";"157072"
"Geen/overige/onbekende brandstof";"Oplegger";"2019";"aantal";"164012"
"Bron: RDW, CBS"
